"id","df_id","title","description","mat_description","type","physicality","in_gsmbs_lib","rek_by_joa","lib_id","sig","gnd_id","first_page_idx","file_name"
"TR_A_0005","0_Augsburg","Augsburg, Staats- und Stadtbibliothek, 2° Cod. 217","Papier – IX + 286 Bll. – 21 x 14,5 cm – Mitte des 15. Jhs.","","0","0","1","","","2° Cod. 217","","20","Augsburg_SuStB_2Cod217"
"TR_A_0011","1_Basel","Basel, Universitätsbibliothek, O I 10","Papier – 369 Bll. – 29 x 21,5 cm – 3. Viertel des 15. Jhs.","","0","0","1","","","O I 10","","4","Basel_Universitätsbibl_O_I_10"
"TR_A_0015","2_Budapest","Budapest, Országos Széchényi Könyvtár [Széchényi-Nationalbibliothek], Codex latinus medii aevi 276","Papier – 257 Bll. + I – 30,2 x 21,3 cm – 15. Jahrhundert (1462-1463)","","0","0","1","","","Codex latinus medii aevi 276","","4","Budapest_OSK_Clma276"
"TR_A_0020","12_CambridgeMass","Cambridge (Mass.), Harvard College Library / Houghton Library, MS Ger 74","Papier – 71 Bll. – 20,2–4 × 14,5 cm – oberdeutsch, ostschwäbisch, 1444–1472","","0","0","1","","","MS Ger 74","","4","Cambridge_Houghton_MsGer74"
"TR_A_0019","3_Gotha","Gotha, Forschungsbibliothek, Chart. B 61","Papier – 426 Bll. – 21 x 15 cm – 3. Viertel des 15. Jhs.","","0","0","1","","","Chart. B 61","","28","Gotha_FB_ChartB61"
"TR_A_0021","6_Heidelberg","Heidelberg, Universitätsbibliothek, Cod. pal. germ. 314","Papier – 249 Bll. – 28,5 × 21 cm – Augsburg 1443–1449","","0","0","1","","","Cod. pal. germ. 314","","38","Heidelberg_UB_Cpg314"
"TR_A_0010","18_München","München, Bayerische Staatsbibliothek, Cgm 98","Pergament – 31 Bll. – 15,3 x 11 cm – um 1469","","0","0","1","","","Cgm 98","","3","Mue_BSB_Cgm_98"
"TR_A_0026","7_München","München, Bayerische Staatsbibliothek, Cgm 437","Papier – I + 166 Bll. – 20,8 x 14,5 cm – um 1431, Augsburg ","","0","0","1","","","Cgm 437","","6","Mue_BSB_Cgm_437"
"TR_A_0029","20_München","München, Bayerische Staatsbibliothek, Clm 3510A","Pergament – 120 Bll. – 38,5 x 29 cm – 1. Hälfte des 15. Jhs. (1445)","","0","0","1","","","Clm 3510A","","2","Mue_BSB_Clm_3510A"
"TR_A_0006","21_München","München, Bayerische Staatsbibliothek, Clm 3515","Pergament – III+167+6 Bll. – 26,5 x 16 cm – 2. Hälfte des 12. Jhs. ","","0","0","1","","","Clm 3515","","12","Mue_BSB_Clm_3515"
"TR_A_0001","22_München","München, Bayerische Staatsbibliothek, Clm 3559","Papier – I + 388 Bll. – 30,5 x 21 cm –  Augsburg, um 1452 und später","","0","0","1","","","Clm 3559","","4","Mue_BSB_Clm_3559"
"TR_A_0034","13_München","München, Bayerische Staatsbibliothek, Clm 3560","Papier – 237 Bll. – 28 x 21 cm – Augsburg, 1444, 1452","","0","0","1","","","Clm 3560","","6","Mue_BSB_Clm_3560"
"TR_A_0031","16_München","München, Bayerische Staatsbibliothek, Clm 3561","Papier – 334 Bll. – 29,5 x 21,5 cm – Augsburg, 1. Hälfte  des 15. Jhs., 1461","","0","0","1","","","Clm 3561","","4","Mue_BSB_Clm_3561"
"TR_A_0008","23_München","München, Bayerische Staatsbibliothek, Clm 3562","Papier – 370 Bll. – 30,5 x 21,5 cm – Augsburg, 1456","","0","0","1","","","Clm 3562","","1","Mue_BSB_Clm_3562"
"TR_A_0016","24_München","München, Bayerische Staatsbibliothek, Clm 3564","Papier – 392 Bl. – 29,5 x 21 cm – Augsburg, Mitte des 15. Jhs.","","0","0","1","","","Clm 3564","","22","Mue_BSB_Clm_3564"
"TR_A_0009","25_München","München, Bayerische Staatsbibliothek, Clm 3569","Papier – 233 Bll. – 28,5 x 21 cm – Straßburg/Augsburg, 1468/69","","0","0","1","","","Clm 3569","","4","Mue_BSB_Clm_3569"
"TR_A_0003","26_München","München, Bayerische Staatsbibliothek, Clm 3596","Papier – 303 Bll. – 21,5 x 15,5 cm – Süddeutschland, 1466","","0","0","1","","","Clm 3596","","4","Mue_BSB_Clm_3596"
"TR_A_0032","8_München","München, Bayerische Staatsbibliothek, Clm 3941","Papier – 290 Bll. – 28,5 x 21,5 cm – 3. Viertel des 15. Jhs.","","0","0","1","","","Clm 3941","","4","Mue_BSB_Clm_3941"
"TR_A_0024","27_München","München, Bayerische Staatsbibliothek, Clm 17830","Papier – 406 Bll. [?] – 29,6 x 22,5 cm – 15. Jh.","","0","0","1","","","Clm 17830","","20","Mue_BSB_Clm_17830"
"TR_A_0027","28_München","München, Bayerische Staatsbibliothek, Clm 17831","Papier – 334 Bll. – 22,1 x 28,9 cm – 15. Jh.","","0","0","1","","","Clm 17831","","4","Mue_BSB_Clm_17831"
"TR_A_0013","17_München","München, Bayerische Staatsbibliothek, Clm 17832","Papier – 291 Bll. – 29,9 x 20,2 cm – 15 Jh.","","0","0","1","","","Clm 17832","","6","Mue_BSB_Clm_17832"
"TR_A_0014","14_München","München, Bayerische Staatsbibliothek, Clm 17833","Papier – 396 Bll. – 28,2 x 21 cm – 15. Jh.","","0","0","1","","","Clm 17833","","22","Mue_BSB_Clm_17833"
"TR_A_0002","29_München","München, Bayerische Staatsbibliothek, Clm 17834","Papier – V + 356 Bll. – 28 x 21 cm – 15. Jh. (1442)","","0","0","1","","","Clm 17834","","6","Mue_BSB_Clm_17834"
"TR_A_0007","9_München","München, Bayerische Staatsbibliothek, Clm 17835","Papier – 239 Bll. – 27,2 x 21,3 cm – 15. Jh. ","","0","0","1","","","Clm 17835","","24","Mue_BSB_Clm_17835"
"TR_A_0030","30_München","München, Bayerische Staatsbibliothek, Clm 17836","Papier – 162 Bll. – 26,8 x 20,7 cm – 15. Jh. (z.T. 1482)","","0","0","1","","","Clm 17836","","4","Mue_BSB_Clm_17836"
"TR_A_0035","15_München","München, Bayerische Staatsbibliothek, Clm 17837","Papier – 292 Bll. – 26,5 x 21,4 cm – 15. Jh. ","","0","0","1","","","Clm 17837","","3","Mue_BSB_Clm_17837"
"TR_A_0004","31_München","München, Bayerische Staatsbibliothek, Clm 17838","Papier – 239 Bll. – 26,1 x 20,4 cm – 1457","","0","0","1","","","Clm 17838","","4","Mue_BSB_Clm_17838"
"TR_A_0018","32_München","München, Bayerische Staatsbibliothek, Clm 17848 [und Clm 26346]","Papier  – 129 (+33) Bll. – 19,5 x 14,1 cm – 15./16. Jh.","","0","0","1","","","Clm 17848","","8","Mue_BSB_Clm_17848"
"TR_A_0025","33_München","München, Bayerische Staatsbibliothek, Clm 24583","Papier – 25 Bll.  – 19,8 x 13,8 cm – 15. Jahrhundert","","0","0","1","","","Clm 24583","","3","Mue_BSB_Clm_24583"
"TR_A_0028","35_München","München, Bayerische Staatsbibliothek, Clm 27418","Papier – 321 Bll. – 22 x 16 cm – 2. Hälfte des 15. Jhs. (1467)","","0","0","1","","","Clm 27418","","2","Mue_BSB_Clm_27418"
"TR_A_0022","11_München","München, Bayerische Staatsbibliothek, Clm 27419","Papier – 345 Bll. – 21 x 14,5 cm – 15. Jh. (1445)","","0","0","1","","","Clm 27419","","2","Mue_BSB_Clm_27419"
"TR_A_0017","10_Wien","Wien, Österreichische Nationalbibliothek, Cod. 3214","Papier – III + 312 Bll. – 21 x 14,3 cm – 14. und 15. Jh. (1459)","","0","0","1","","","Cod. 3214","","4","Wien_OeNB_Cod3214"
"TR_A_0012","4_Wolfenbüttel","Wolfenbüttel, Herzog August Bibliothek, Cod. Guelf. 36.19 Aug. 2°","Papier – 189 Bll. – 30,5 x 21 cm – 15. Jh. (1453)","","0","0","1","","","Cod. Guelf. 36.19 Aug. 2°","","3","Wolfenb_HAB_CodGuelf_36_19_Aug_2"
"TR_A_0023","5_Wolfenbüttel","Wolfenbüttel, Herzog August Bibliothek, Cod. Guelf. 69.11 Aug. 2°","Papier – 307 Bll. (unvollständig) – 30 x 21 cm – 15. Jh. (1447)","","0","0","1","","","Cod. Guelf. 69.11 Aug. 2°","","1","Wolfenb_HAB_CodGuelf_69_11_Aug_2"
"TR_D_0008","","Francesco Petrarca: Secretum","Aus Verweisen rekonstruierter Druck?","","1","1","1","","","","","0","d_Petrarca__Secretum"
"TR_D_0001","","Gregorius Magnus: Moralia sive expositio in Iob","","Codex pressus","1","1","1","","","","","0","d_Gregorius__Moralia"
"TR_D_0003","","Jacobus de Voragine: Sermones","","Codex pressus","1","1","1","Rekonstruktion Joachimsohn (1894): S. 262","","","","0","d_Jacobus_de_Voragine__Sermones"
"TR_D_0007","","Leonardus de Utino: Sermones de sanctis","","Codex pressus albus spissus","1","1","1","Rekonstruktion Joachimsohn (1894): S. 263","","","","0","d_Leonardus_de_Utino__Sermones_de_Sanctis"
"TR_D_0005","","Leonardus de Utino: Sermones quadragesimales de legibus","","Codex pressus","1","1","1","","","","","0","d_Leonardus_de_Utino__Sermones_Quadragesimales"
"TR_D_0004","","Martinus Polonus: Sermones","","Codex pressus fuscus","1","1","1","Rekonstruktion Joachimsohn (1894): S. 264","","","","0","d_Martinus_Polonus__Sermones"
"TR_D_0002","","Petrus Berchorius: Liber bibliae moralis seu Reductorium morale super totam bibliam","","Codex pressus niger modus regalis","1","1","1","","","","","0","d_Petrus_Berchorius__Reductorium_Morale"
"TR_D_0006","","Quintilianus: Institutio oratoria","","Codex pressus","1","1","1","Rekonstruktion Joachimsohn (1894): S. 266","","","","0","d_Quintilianus__Institutio_Oratoria"
"TR_K_0006","","Alanus ab Insulis: Liber parabolarum","Klassiker","","2","2","","","","","","0","k_Alanus_ab_Insulis__Liber_Parabolarum"
"TR_K_0007","","Aristoteles: Rhetorica","Klassiker","","2","2","","","","","","0","k_Aristoteles__Rhetorica"
"TR_K_0024","","Biblia","Klassiker","","2","2","","","","","","0","k_Biblia"
"TR_K_0029","","Bonifatius VIII.: Liber sextus decretalium","Klassiker","","2","2","","","","","","0","k_Bonifatius__Liber_decretalium"
"TR_K_0021","","Cicero: De officiis","Klassiker","","2","2","","","","","","0","k_Cicero__De_Officiis"
"TR_K_0018","","Cicero: Orationes in Verrem","Klassiker","","2","2","","","","","","0","k_Cicero__Orationes_in_Verrem"
"TR_K_0028","","Clemens: De haereticis","Klassiker","","2","2","","","","","","0","k_Clemens__De_haereticis"
"TR_K_0009","","Hieronymus: Dialogus adversus Pelagianos","Klassiker","","2","2","","","","","","0","k_Hieronymus__Dialogus_Adversus_Pelagianos"
"TR_K_0014","","Hieronymus: Prologus galeatus","Klassiker","","2","2","","","","","","0","k_Hieronymus__Prologus_Galeatus"
"TR_K_0026","","Honorius Augustodunensis: Imago mundi","Klassiker","","2","2","","","","","","0","k_Honorius__Imago_Mundi"
"TR_K_0017","","Horatius: Satirae/Sermones","Klassiker","","2","2","","","","","","0","k_Horatius__Satirae"
"TR_K_0010","","Isidorus Hispalensis: De summo bono","Klassiker","","2","2","","","","","","0","k_Isidorus_Hispalensis__De_Summo_Bono"
"TR_K_0015","","Isidorus Hispalensis: Liber ethymologiarum","Klassiker","","2","2","","","","","","0","k_Isidorus_Hispalensis__Etymologiae"
"TR_K_0019","","Johannes Saresberiensis: Policraticus","Klassiker","","2","2","","","","","","0","k_Johannes_Saresberiensis__Policraticus"
"TR_K_0011","","Macrobius: Saturnalia","Klassiker","","2","2","","","","","","0","k_Macrobius__Saturnalia"
"TR_K_0022","","Persius: Satirae","Klassiker","","2","2","","","","","","0","k_Persius__Satirae"
"TR_K_0016","","Petrus Berchorius: Reductorium morale","Klassiker","","2","2","","","","","","0","k_Petrus_Berchorius__Reductorium_Morale"
"TR_K_0001","","Plutarchus: Vitae parallelae (?)","Klassiker","","2","2","","","","","","0","k_Plutarchus"
"TR_K_0020","","Prudentius: Dittochaeon","Klassiker","","2","2","","","","","","0","k_Prudentius__Dittochaeon"
"TR_K_0004","","Ps.-Hieronymus: Commentarius evangelii","Klassiker","","2","2","","","","","","0","k_HieronymusPs__Commentarius_Evangelii"
"TR_K_0013","","Ps.-Lucianus: De Brunello et asino","Klassiker","","2","2","","","","","","0","k_LucianusPs__De_Brunello_et_Asino"
"TR_K_0025","","Seneca: Epistolae morales ad Lucilium","Klassiker","","2","2","","","","","","0","k_Seneca__Epistolae_ad_Lucilium"
"TR_K_0008","","Servius: Commentarius in Vergilii Aeneidos","Klassiker","","2","2","","","","","","0","k_Servius__Commentarius_in_Vergilii_Aeneidos"
"TR_K_0002","","Sueton: De vita Caesarum","Klassiker","","2","2","","","","","","0","k_Suetonius__De_Vita_Caesarum"
"TR_K_0027","","Tibullus: Carmina","Klassiker","","2","2","","Rekonstruktion Joachimsohn (1894): S. 267","","","","0","k_Tibullus"
"TR_K_0012","","Valerius Maximus: Facta et dicta memorabilia","Klassiker","","2","2","","","","","","0","k_Valerius_Maximus__Facta_et_Dicta_Memorabilia"
"TR_K_0003","","Vergilius: Aeneis","Klassiker","","2","2","","","","","","0","k_Vergilius__Aeneis"
"TR_K_0005","","Vincentius Bellovacensis: Speculum historiale","Klassiker","","2","2","","","","","","0","k_Vincentius_Bellovacensis__Speculum_Historiale"
"TR_K_0023","","Vitas patrum","Klassiker","","2","2","","","","","","0","k_Vitas_Patrum"
"TR_U_0003","","Bernhard von Clairvaux: Sermones super Cantica Cant. 83","Aus Verweisen rekonstruierte Handschrift, die weder Gossembrot noch ein anderer in seinem Umfeld besaß","","3","1","0","","","","","0","u_Bernardus_Claraevallensis__Sermones"
"TR_U_0002","","De religiosis","Aus Verweisen rekonstruierte Handschrift, die weder Gossembrot noch ein anderer in seinem Umfeld besaß","","3","1","0","","","","","0","u_De_religiosis"
"TR_U_0001","","Manilius: Astronomicon","Aus Verweisen rekonstruierte Handschrift, die weder Gossembrot noch ein anderer in seinem Umfeld besaß","","3","1","0","","","","","0","u_Manilius__Astronomicon"
"TR_X_0020","","Abbreviaturae et intitulationes iuris","","Libellus albus textus modus","0","1","1","","","","","0","x_Abbreviaturae_Intitulationes_Iuris"
"TR_X_0080","","Absolutio presbyterorum","","Codex russus arcus modus","0","1","1","","","","","0","x_Absolutio_Presbyterorum"
"TR_X_0072","","Adolfus Viennensis (?): Doligamus","Aus Verweisen rekonstruierte Handschrift","","0","1","1","","","","","0","x_Adolfus_Viennensis__Doligamus"
"TR_X_0099","","Aeneas Silvius Piccolomini: Epistolae","","Codex albus","0","1","1","Rekonstruktion Joachimsohn (1894): S. 258.","","","","0","x_Aeneas_Piccolomini__Epistolae"
"TR_X_0023","","Aeneas Silvius Piccolomini: Tractatus rhetoricalis","Aus Verweisen rekonstruierte Handschrift","","0","1","1","","","","","0","x_Aeneas_Piccolomini__Tractatus_Rhetoricalis"
"TR_X_0063","","Aethicus: Cosmographia","Aus Verweisen rekonstruierte Handschrift","","0","1","1","Rekonstruktion Joachimsohn (1894): S. 258.","","","","0","x_Aethicus__Cosmographia"
"TR_X_0062","","Alanus ab Insulis: Anticlaudianus","Aus Verweisen rekonstruierte Handschrift","","0","1","1","Rekonstruktion Joachimsohn (1894): S. 258.","","","","0","x_Alanus_ab_Insulis__Anticlaudianus"
"TR_X_0086","","Alanus ab Insulis: De planctu Naturae","Aus Verweisen rekonstruierte Handschrift","","0","1","1","Rekonstruktion Joachimsohn (1894): S. 258.","","","","0","x_Alanus_ab_Insulis__De_Planctu_Naturae"
"TR_X_0036","","Alanus ab Insulis: Distinctiones dictionum theologicalium","Aus Verweisen rekonstruierte Handschrift","","0","1","1","Rekonstruktion Joachimsohn (1894): S. 258.","","","","0","x_Alanus_ab_Insulis__Distinctiones_Dictionum_Theologicalium"
"TR_X_0047","","Apparentia contraria et exempla authentica sacrae scripturae","Aus Verweisen rekonstruierte Handschrift","","0","1","1","Rekonstruktion Joachimsohn (1894): S. 258.","","","","0","x_Apparentia_Contraria_Sacrae_Scripturae"
"TR_X_0103","","Arator, Alcuinus et Fortunatus","","Codex viridis fibulatus","0","1","1","Rekonstruktion Joachimsohn (1894): S. 261.","","","","0","x_Arator_&_Alcuinus_&_Fortunatus"
"TR_X_0082","","Arismetrica","","Liber tenuis cum coopertorio pergameni","0","1","1","","","","","0","x_Arismetrica"
"TR_X_0019","","Aristoteles (?): Physica","","Codex flavus","0","1","1","Rekonstruktion Joachimsohn (1894): S. 259.","","","","0","x_Aristoteles__Physica"
"TR_X_0042","","Aristoteles (Ps.): Problemata, Boethius (Ps.): De disciplina scholarium","Aus Verweisen rekonstruierte Handschrift","","0","1","1","","","","","0","x_AristotelesPs_Problemata_&_BoethiusPs_De_Disciplina_Scholarium"
"TR_X_0022","","Aristoteles: Politica","Aus Verweisen rekonstruierte Handschrift","","0","1","1","Rekonstruktion Joachimsohn (1894): S. 259.","","","","0","x_Aristoteles__Politica"
"TR_X_0032","","Augustinus (Ps.): Manuale","","Liber flavus parvus","0","1","1","Rekonstruktion Joachimsohn  (1894): S. 259.","","","","0","x_AugustinusPs__Manuale"
"TR_X_0074","","Augustinus Datus Senensis: Elegantiolae","Aus Verweisen rekonstruierte Handschrift","","0","1","1","","","","","0","x_Augustinus_Datus__Elegantiolae"
"TR_X_0008","","Augustinus: De civitate Dei","Aus Verweisen rekonstruierte Handschrift","","0","1","1","Rekonstruktion Joachimsohn (1894): S. 259.","","","","0","x_Augustinus__De_Civitate_Dei"
"TR_X_0040","","Augustinus: Enchiridion","","Codex niger textus modus","0","1","1","Rekonstruktion Joachimsohn (1894): S. 259.","","","","0","x_Augustinus__Enchiridion"
"TR_X_0038","","Augustinus: Tractatus plurimi","","Codex russus arcus modus","0","1","1","Rekonstruktion Joachimsohn (1894): S. 259.","","","","0","x_Augustinus__Tractatus_plurimi"
"TR_X_0115","","Bartholomaeus Anglicus (?): De proprietatibus rerum","Aus Verweisen rekonstruierte Handschrift","","0","1","1","Rekonstruktion Joachimsohn (1894): S. 259.","","","","0","x_Bartholomaeus_Anglicus__De_Proprietatibus_Rerum"
"TR_X_0102","","Bartholomaeus Pisanus: Quadragesimale","","Codex fuscus arcus modus non fibulatus","0","1","1","Rekonstruktion Joachimsohn (1894): S. 266.","","","","0","x_Bartholomaeus_Pisanus__Quadragesimale"
"TR_X_0076","","Bartholomaeus de Chaimis: Confessionale","","Codex textus modus albus","0","1","1","","","","","0","x_Bartholomaeus_de_Chaimis__Confessionale"
"TR_X_0112","","Boccaccio: De mulieribus claris","Aus Verweisen rekonstruierte Handschrift","","0","1","1","Rekonstruktion Joachimsohn (1894): S. 259.","","","","0","x_Boccaccio__De_Mulieribus_Claris"
"TR_X_0015","","Boethius: De consolatione philosophiae","Aus Verweisen rekonstruierte Handschrift","","0","1","1","Rekonstruktion Joachimsohn (1894): S. 259","","","","0","x_Boethius__De_Consolatione_Philosophiae"
"TR_X_0054","","Bonacursus de Montemagno: Controversia de nobilitate","","Codex niger textus modus","0","1","1","","","","","0","x_Bonacursus_de_Montemagno__Controversia_de_Nobilitate"
"TR_X_0073","","Bonaventura: Lignum vitae, Heinrich Seuse: Horologium sapientiae","","Codex russus arcus modus","0","1","1","Rekonstruktion Joachimsohn (1894): S. 267","","","","0","x_Bonaventura__Lignum_Vitae_&_Seuse__Horologium"
"TR_X_0111","","Boncompagnus de Signa (?): Rota Veneris","Aus Verweisen rekonstruierte Handschrift","","0","1","1","","","","","0","x_Rota_Veneris"
"TR_X_0035","","Cicero (Ps.): Nova rhetorica / Rhetorica ad Herennium","","Libellus fuscus textus modus","0","1","1","Rekonstruktion Joachimsohn (1894): S. 259","","","","0","x_CiceroPs__Nova_Rhetorica"
"TR_X_0006","","Cicero: Epistolae","Aus Verweisen rekonstruierte Handschrift","","0","1","1","Rekonstruktion Joachimsohn (1894): S. 259","","","","0","x_Cicero__Epistolae"
"TR_X_0095","","Codex patris","Aus Verweisen rekonstruierte Handschrift","","0","1","1","Rekonstruktion Joachimsohn (1894): S. 259","","","","0","x_Codex_patris"
"TR_X_0018","","Cyrillus (Ps.): Quadripartitus apologeticus (Speculum sapientiae)","","Codex flavus arcus modus","0","1","1","Rekonstruktion Joachimsohn (1894): S. 259","","","","0","x_CyrillusPs__Quadripartitus_Apologeticus"
"TR_X_0055","","Discipulus (Johannes Heroldus): Sermones de sanctis","Aus Verweisen rekonstruierte Handschrift","","0","1","1","Rekonstruktion Joachimsohn (1894): S. 259","","","","0","x_Discipulus_Herolt_Sermones"
"TR_X_0011","","Eberhardus Coloniensis: Laborintus","Aus Verweisen rekonstruierte Handschrift","","0","1","1","","","","","0","x_Eberhardus_Coloniensis__Laborintus"
"TR_X_0052","","Epistolae poeticales","","Codex citrinus arcus modus","0","1","1","Rekonstruktion Joachimsohn (1894): S. 260f.","","","","0","x_Epistolae_Poeticales_liber_citrinus"
"TR_X_0105","","Epistolae poeticales","","Codex russus spissus arcus modus","0","1","1","Rekonstruktion Joachimsohn (1894): S. 260","","","","0","x_Epistolae_Poeticales_liber_russus"
"TR_X_0010","","Eusebius Caesarea: De evangelica praeparatione","","Codex russus/citrinus spissus arcus modus","0","1","1","Rekonstruktion Joachimsohn (1894): S. 261","","","","0","x_Eusebius__De_Evangelica_Praeparatione"
"TR_X_0066","","Flavius Josephus: Antiquitates judaicae","Aus Verweisen rekonstruierte Handschrift ","","0","1","1","Rekonstruktion Joachimsohn (1894): S. 263","","","","0","x_Flavius_Josephus__Antiquitates_Judaicae"
"TR_X_0026","","Fulgentius: Fabulae mythologicae","","Codex citrinus","0","1","1","Rekonstruktion Joachimsohn (1894): S. 261","","","","0","x_Fulgentius__Fabulae_Mythologicae"
"TR_X_0003","","Galeotus Martius Narniensis: Libellus apostolorum","","Libellus citrinus parvus","0","1","1","","","","","0","x_Galeotus__Libellus_Apostolorum"
"TR_X_0034","","Gesta Romanorum","Aus Verweisen rekonstruierte Handschrift","","0","1","1","Rekonstruktion Joachimsohn (1894): S. 261","","","","0","x_Gesta_Romanorum"
"TR_X_0075","","Gregorius Magnus: Homiliae in evangelio (?)","Aus Verweisen rekonstruierte Handschrift","","0","1","1","","","","","0","x_Gregorius__Homiliae"
"TR_X_0053","","Gregorius Magnus: Moralia sive Expositio in Iob et Seneca: Quaestiones","","Codex fuscus fibulatus","0","1","1","Rekonstruktion Joachimsohn (1894): S. 261","","","","0","x_Gregorius__Moralia_&_Seneca__Quaestiones"
"TR_X_0101","","Gualterus Burlaeus (Ps.): De vita et moribus philosophorum","","Libellus niger textus modus","0","1","1","Rekonstruktion Joachimsohn (1894): S. 261","","","","0","x_BurlaeusPs__De_Vita_et_Moribus_Philosophorum"
"TR_X_0002","","Guarinus Veronensis: Themata","","Codex russus","0","1","1","Rekonstruktion Joachimsohn (1894): S. 262","","","","0","x_Guarinus_Veronensis__Themata"
"TR_X_0064","","Guigo: Scala claustralium","","Libellus textus modus","0","1","1","","","","","0","x_Guigo__Scala_claustralium"
"TR_X_0084","","Guillelmus Peraldus (?): Summa vitiorum","","Libellus pergameneus","0","1","1","","","","","0","x_Summa_Vitiorum"
"TR_X_0098","","Henricus de Langenstein: De discretione spirituum","","Codex citrinus non fibulatus textus modus","0","1","1","","","","","0","x_Henricus_de_Langenstein__De_Discretione_Spirituum"
"TR_X_0108","","Hieronymus: De hebraicis quaestionibus","Aus Verweisen rekonstruierte Handschrift","","0","1","1","","","","","0","x_Hieronymus__De_Hebraicis_Quaestionibus"
"TR_X_0067","","Historia Alexandri","","Codex russus","0","1","1","","","","","0","x_Historia_Alexandri"
"TR_X_0005","","Horae canonicae","","Liber albus/russus arcus modus","0","1","1","Rekonstruktion Joachimsohn (1894): S. 262","","","","0","x_Horae_Canonicae"
"TR_X_0049","","Horaz: Ars poetica","Aus Verweisen rekonstruierte Handschrift","","0","1","1","","","","","0","x_Horatius__Ars_Poetica"
"TR_X_0027","","Hugutius Pisanus: Derivationes (?)","Aus Verweisen rekonstruierte Handschrift","","0","1","1","","","","","0","x_Hugutius_Pisanus__Derivationes"
"TR_X_0030","","Humbertus Romanus: Expositio super regulam beati Augustini","Aus Verweisen rekonstruierte Handschrift","","0","1","1","","","","","0","x_Humbertus_Romanus__Expositio_super_Regulam_Beati_Augustini"
"TR_X_0029","","Isota de Nogarolis: Epistolae","Aus Verweisen rekonstruierte Handschrift","","0","1","1","Rekonstruktion Joachimsohn (1894): S. 267","","","","0","x_Isota_de_Nogarolis__Epistolae"
"TR_X_0097","","Jacobus Magni (Jacques Legrand): Sophologium","Aus Verweisen rekonstruierte Handschrift","","0","1","1","Rekonstruktion Joachimsohn (1894): S. 262","","","","0","x_Jacobus_Magni__Sophologium"
"TR_X_0013","","Jacobus de Voragine: Sermones","Aus Verweisen rekonstruierte Handschrift","","0","1","1","","","","","0","x_Jacobus_de_Voragine__Sermones"
"TR_X_0028","","Johannes Andreae: Hieronymianus et Seneca: Opera","","Codex citrinus arcus modus","0","1","1","Rekonstruktion Joachimsohn (1894): S. 262","","","","0","x_Johannes_Andreae__Hieronymianus_&_Seneca__Opera"
"TR_X_0081","","Johannes Gerson: De vita spirituali animae","Aus Verweisen rekonstruierte Handschrift","","0","1","1","","","","","0","x_Gerson__De_Vita_Spiritualis_Animae"
"TR_X_0012","","Johannes Gerson: Monotesseron seu Concordantiae evangelistarum","Aus Verweisen rekonstruierte Handschrift","","0","1","1","","","","","0","x_Gerson__Monotesseron"
"TR_X_0007","","Johannes de Balbis Ianuensis: Catholicon","Aus Verweisen rekonstruierte Handschrift","","0","1","1","Rekonstruktion Joachimsohn (1894): S. 262","","","","0","x_Johannes_Balbus__Catholicon"
"TR_X_0033","","Jordanus de Quedlinburgo: Sermones de sanctis","Aus Verweisen rekonstruierte Handschrift","","0","1","1","Rekonstruktion Joachimsohn (1894): S. 263","","","","0","x_Jordanus_de_Quedlinburgo__Sermones"
"TR_X_0061","","Jordanus de Quedlinburgo: Sermones de tempore, pars aestivalis","Aus Verweisen rekonstruierte Handschrift","","0","1","1","","","","","0","x_Jordanus_de_Quedlinburgo__Sermones_Pars_Aestivalis"
"TR_X_0079","","Jordanus de Quedlinburgo: Sermones de tempore, pars hiemalis","Aus Verweisen rekonstruierte Handschrift","","0","1","1","","","","","0","x_Jordanus_de_Quedlinburgo__Sermones_Pars_Hiemalis"
"TR_X_0009","","Leonardus Brunus Aretinus: De litibus Graeciae","","Codex citrinus","0","1","1","","","","","0","x_Lites_Graeciae"
"TR_X_0050","","Liber astronomicalis vulgaris","","Codex viridis","0","1","1","Rekonstruktion Joachimsohn (1894): S. 264.","","","","0","x_Astronomicalis_liber_viridis"
"TR_X_0068","","Liber de missa","","Liber albus spissus textus modus","0","1","1","","","","","0","x_Liber_de_Missa"
"TR_X_0110","","Liber graecismi","Aus Verweisen rekonstruierte Handschrift","","0","1","1","","","","","0","x_Liber_Graecismi"
"TR_X_0045","","Liber medicinalis et de motu planetarum","","Liber albus parvus","0","1","1","Rekonstruktion Joachimsohn (1894): S. 264","","","","0","x_Liber_Medicinalis"
"TR_X_0041","","Liber tractatuum theologicalium","","Liber albus spissus","0","1","1","","","","","0","x_Liber_Tractatuum_Theologicalium"
"TR_X_0096","","Lombardica historia","","Codex albus non fibulatus textus modus","0","1","1","Rekonstruktion Joachimsohn (1894): S. 262","","","","0","x_Lombardica_Historia"
"TR_X_0078","","Ludus scachorum","","Liber flavus","0","1","1","","","","","0","x_Ludus_Scachorum"
"TR_X_0109","","Lumen animae","Aus Verweisen rekonstruierte Handschrift","","0","1","1","Rekonstruktion Joachimsohn (1894): S. 264","","","","0","x_Lumen_Animae"
"TR_X_0093","","Martinus Polonus: Chronica","","Codex albus","0","1","1","Rekonstruktion Joachimsohn (1894): S. 264","","","","0","x_Martinus_Polonus__Chronica"
"TR_X_0059","","Metra","","Codex textus modus non ligatus albus pergamenus","0","1","1","","","","","0","x_Metra"
"TR_X_0060","","Nicolaus de Lyra: Pharetra contra Iudaeos","","Libellus russus parvus","0","1","1","Rekonstruktion Joachimsohn (1894): S. 264","","","","0","x_Nicolaus_de_Lyra__Pharetra_contra_Judaeos"
"TR_X_0069","","Occultus","Aus Verweisen rekonstruierte Handschrift","","0","1","1","","","","","0","x_Occultus"
"TR_X_0087","","Oculus mundi","Aus Verweisen rekonstruierte Handschrift","","0","1","1","Rekonstruktion Joachimsohn (1894): S. 264","","","","0","x_Oculus_Mundi"
"TR_X_0046","","Otto Frisingensis: Chronica","Aus Verweisen rekonstruierte Handschrift","","0","1","1","Rekonstruktion Joachimsohn (1894): S. 265","","","","0","x_Otto_Frisingensis__Chronica"
"TR_X_0085","","Ovidius: Ars amatoria","Aus Verweisen rekonstruierte Handschrift","","0","1","1","","","","","0","x_Ovidius__Ars_Amatoria"
"TR_X_0039","","Ovidius: Metamorphoses","Aus Verweisen rekonstruierte Handschrift","","0","1","1","Rekonstruktion Joachimsohn (1894): S. 265","","","","0","x_Ovidius__Metamorphoses"
"TR_X_0089","","Ovidius: Remedia amoris","","Codex fuscus","0","1","1","Rekonstruktion Joachimsohn (1894): S. 265","","","","0","x_Ovidius__Remedia_Amoris"
"TR_X_0083","","Paulus Burgensis: Scrutinium scripturarum","","Codex albus","0","1","1","","","","","0","x_Paulus_Burgensis__Scrutinium_Scripturarum"
"TR_X_0090","","Petrarca: De viris illustribus","Aus Verweisen rekonstruierte Handschrift","","0","1","1","","","","","0","x_Petrarca__De_Viris_Illustribus"
"TR_X_0044","","Petrarca: De vita solitaria","","Codex fuscus arcus modus","0","1","1","","","","","0","x_Petrarca__De_Vita_Solitaria"
"TR_X_0104","","Petrarca: Griseldis","","Codex fuscus/russus fibulatus textus modus","0","1","1","","","","","0","x_Petrarca__Griseldis"
"TR_X_0048","","Petrus Blesensis: Epistolae","","Liber citrinus","0","1","1","Rekonstruktion Joachimsohn (1894): S. 265","","","","0","x_Petrus_Blesensis__Epistolae"
"TR_X_0077","","Physiologus et miracula Mariae","","Codex russus arcus modus","0","1","1","Rekonstruktion Joachimsohn (1894): S. 265","","","","0","x_Physiologus_et_Miracula_Mariae"
"TR_X_0021","","Plautus: Comoediae","","Codex niger arcus modus","0","1","1","Rekonstruktion Joachimsohn (1894): S. 265","","","","0","x_Plautus__Comoediae"
"TR_X_0114","","Poggio: Facetiae","","Liber niger","0","1","1","Rekonstruktion Joachimsohn (1894): S. 265","","","","0","x_Poggio__Facetiae"
"TR_X_0043","","Priapeia","Aus Verweisen rekonstruierte Handschrift","","0","1","1","Rekonstruktion Joachimsohn (1894): S. 265f.","","","","0","x_Priapeia"
"TR_X_0100","","Prosper","Aus Verweisen rekonstruierte Handschrift ","","0","1","1","","","","","0","x_Prosper"
"TR_X_0094","","Raimundus Lullus: Opera","","Codex russus","0","1","1","Rekonstruktion Joachimsohn (1894): S. 266","","","","0","x_Raimundus_Lullus__Opera"
"TR_X_0016","","Regimen sanitatis","","Codex albus arcus modus","0","1","1","","","","","0","x_Regimen_Sanitatis"
"TR_X_0092","","Regula Benedicti","","Libellus spissus parvus","0","1","1","","","","","0","x_Regula_Benedicti"
"TR_X_0031","","Rodericus (Zamoriensis): Speculum humanae vitae et Seneca: Quaestiones naturales","","Codex fuscus","0","1","1","Rekonstruktion Joachimsohn (1894): S. 266","","","","0","x_Seneca__Quaestiones_Naturales_&_Rodericus__Speculum"
"TR_X_0106","","Rupertus de Licio: Sermones quadragesimales","Aus Verweisen rekonstruierte Handschrift","","0","1","1","Rekonstruktion Joachimsohn (1894): S. 266","","","","0","x_Rupertus_de_Licio__Sermones_Quadragesimales"
"TR_X_0056","","Sedulius: Carmen paschale","Aus Verweisen rekonstruierte Handschrift","","0","1","1","","","","","0","x_Sedulius__Carmen_Paschale"
"TR_X_0058","","Seneca: Virtutes et Ps.-Boethius: De disciplina scholarium","","Codex russus sine asseribus textus modus","0","1","1","","","","","0","x_Seneca_Virtutes_&_BoethiusPs_De_Disciplina_Scholarium"
"TR_X_0014","","Sigismund Meisterlin: Chronographia Augustensium","Aus Verweisen rekonstruierte Handschrift","","0","1","1","Rekonstruktion Joachimsohn (1894): S. 264","","","","0","x_Sigismund_Meisterlin__Chronographia_Augustensium"
"TR_X_0065","","Simon de Cassia: Expositio super totum corpus evangeliorum","Aus Verweisen rekonstruierte Handschrift","","0","1","1","Rekonstruktion Joachimsohn (1894): S. 266.","","","","0","x_Simon_de_Cassia__Expositio_super_Totum_Corpus_Evangeliorum"
"TR_X_0070","","Summa Raimundi","","Codex albus textus modus in asseribus","0","1","1","","","","","0","x_Summa_Raimundi"
"TR_X_0051","","Tabula decretalium","","Codex fuscus","0","1","1","Rekonstruktion Joachimsohn (1894): S. 267","","","","0","x_Tabula_Decretalium"
"TR_X_0001","","Tabula theologiae","Aus Verweisen rekonstruierte Handschrift","","0","1","1","Rekonstruktion Joachimsohn (1894): S. 266","","","","0","x_Tabula_Theologiae"
"TR_X_0025","","Thesauri","","Codex russus textus modus","0","1","1","","","","","0","x_Thesauri"
"TR_X_0057","","Tractatus de Turco","Aus Verweisen rekonstruierte Handschrift","","0","1","1","Rekonstruktion Joachimsohn (1894): S. 267","","","","0","x_Tractatus_de_Turco"
"TR_X_0071","","Tractatus quod bene omnia fecit [Deus]","","Codex albus tenuis sine asseribus","0","1","1","Rekonstruktion Joachimsohn (1894): S. 267","","","","0","x_Tractatus_Quod_Bene_Omnia_Fecit"
"TR_X_0017","","Tractatus rhetoricalium et amoris","","Codex fuscus textus modus","0","1","1","Rekonstruktion Joachimsohn (1894): S. 267","","","","0","x_Tractatus_Rhetoricalium_et_Amoris"
"TR_X_0091","","Venantius Fortunatus","Aus Verweisen rekonstruierte Handschrift","","0","1","1","","","","","0","x_Venantius_Fortunatus__Carmina"
"TR_X_0004","","Vincentius Bellovacensis: Speculum morale","Aus Verweisen rekonstruierte Handschrift","","0","1","1","","","","","0","x_Vincentius_Bellovacensis__Speculum_Morale"
"TR_X_0037","","Vita sanctae Brigittae","","Liber albus modus quartalis","0","1","1","","","","","0","x_Vita_Sanctae_Brigittae"
"TR_X_0088","","Werner Rolevinck: Fasciculus temporum","Aus Verweisen rekonstruierte Handschrift","","0","1","1","Rekonstruktion Joachimsohn (1894): S. 267","","","","0","x_Rolevinck__Fasciculus_Temporum"
"TR_X_0113","","Wilhelmus Durandus: Rationale divinorum officiorum","Aus Verweisen rekonstruierte Handschrift","","0","1","1","Rekonstruktion Joachimsohn (1894): S. 266","","","","0","x_Durandus__Rationale_Divinorum_Officiorum"
"TR_X_0107","","Ysengarius","","Codex niger spissus","0","1","1","Rekonstruktion Joachimsohn (1894): S. 267","","","","0","x_Ysengarius"
"TR_Y_0013","","Belial","Aus Verweisen rekonstruierte Handschrift außerhalb der Bibliothek von Sigmund Gossembrot","","0","1","0","","","","","0","y_Belial"
"TR_Y_0018","","Bonaventura: Itinerarium mentis in Deum","","","0","1","0","","","","","0","y_Bonaventura__Itinerarium"
"TR_Y_0002","","Communiloquium","","Codex niger","0","1","0","","","","","0","y_Communiloquium"
"TR_Y_0015","","Consolationes theologiae, Vitas patrum","Aus Verweisen rekonstruierte Handschrift außerhalb der Bibliothek von Sigmund Gossembrot","","0","1","0","","","","","0","y_Consolationes_Theologiae_&_Vitas_Patrum"
"TR_Y_0017","","De Sibyllis","Aus Verweisen rekonstruierte Handschrift außerhalb der Bibliothek von Sigmund Gossembrot","","0","1","0","","","","","0","y_De_Sibyllis"
"TR_Y_0004","","Evangelium Matthei","","Codex russus pergamenus textus modus","0","1","0","","","","","0","y_Evangelium_Matthei"
"TR_Y_0008","","Hieremias de Montagnone: Compendium moralium notabilium","","","0","1","0","","","","","0","y_Hieremias_de_Montagnone__Compendium_Moralium"
"TR_Y_0019","","Hugo de Sancto Victore: Soliloquium de arrha animae","Aus Verweisen rekonstruierte Handschrift außerhalb der Bibliothek von Sigmund Gossembrot","","0","1","0","","","","","0","y_Hugo_de_Sancto_Victore__Arra_Animae"
"TR_Y_0010","","Jacobus de Paradiso: De arte bene moriendi","Aus Verweisen rekonstruierte Handschrift außerhalb der Bibliothek von Sigmund Gossembrot","","0","1","0","","","","","0","y_Jacobus_de_Paradiso__De_Arte_Bene_Moriendi"
"TR_Y_0009","","Johannes Nider","","Volumen viride","0","1","0","","","","","0","y_Johannes_Nider_volumen_viride"
"TR_Y_0006","","Liber domini Valentini","","Codex russus","0","1","0","","","","","0","y_Valentini_liber_russus"
"TR_Y_0014","","Liber formularum","","Liber citrinus","0","1","0","","","","","0","y_Liber_Formularum"
"TR_Y_0016","","Liber maneriorum","","Codex albus","0","1","0","","","","","0","y_Liber_Maneriorum"
"TR_Y_0005","","Lucas de Padua: Sermones","Aus Verweisen rekonstruierte Handschrift außerhalb der Bibliothek von Sigmund Gossembrot","","0","1","0","","","","","0","y_Lucas_de_Padua__Sermones"
"TR_Y_0001","","Petrus Comestor: Historia scholastica, Tabelle","Aus Verweisen rekonstruierte Handschrift außerhalb der Bibliothek von Sigmund Gossembrot","","0","1","0","","","","","0","y_Petrus_Comestor__Historia_Scholastica_Tabula"
"TR_Y_0007","","Reinhardus et Weschelyer et Iwein","Aus Verweisen rekonstruierte Handschrift außerhalb der Bibliothek von Sigmund Gossembrot","","0","1","0","","","","","0","y_Reinhardus_&_Weschelyer_&_Iwein"
"TR_Y_0011","","Tractatus confessionales (et alia)","Aus Verweisen rekonstruierte Handschrift außerhalb der Bibliothek von Sigmund Gossembrot","","0","1","0","","","","","0","y_Tractatus_Confessionales"
"TR_Y_0003","","Valentini volumen parvum","Aus Verweisen rekonstruierte Handschrift außerhalb der Bibliothek von Sigmund Gossembrot","","0","1","0","","","","","0","y_Valentini_volumen_parvum"
"TR_Y_0012","","Venantius Fortunatus: Carmina","","Codex albus pergamenus","0","1","0","","","","","0","y_Venantius_Fortunatus__Carmina"
